case_id,slide_id,label
2012536,2012536-1248924-1-POLEmut2022-11-18.tif,POLEmut
1754636,1754636-1290583-1-POLEmut2022-11-18-？？.tif,POLEmut
3169913,3169913-1191151-2-POLEmut2022-11-18.kfb,POLEmut
4186245,4186245-1270969-1-POLEmut2022-11-18.tif,POLEmut
7532332,7532332-1370679-33-POLEmut2022-11-18.kfb,POLEmut
9905671,9905671-1340260-9-POLEmut2022-11-18.tif,POLEmut
6771620,6771620-H059844-POLEmut2022-11-18.kfb,POLEmut
9430713,9430713-1191151-5-POLEmut2022-11-19.kfb,POLEmut
3737706,3737706-1372382-3-POLEmut2022-11-19.kfb,POLEmut
2083957,2083957-H055854-POLEmut2022-11-18.kfb,POLEmut
6040086,6040086-1196594-1-POLEmut2022-11-18.kfb,POLEmut
8588891,8588891-1264287-POLEmut2022-11-18_18_43_32.tif,POLEmut
8794553,8794553-1340260-7-POLEmut2022-11-18.tif,POLEmut
7997793,7997793-1239340-03-POLEmut2022-11-18.tif,POLEmut
2070717,2070717-H060030-POLEmut2022-11-18.kfb,POLEmut
5284031,5284031-1194281-1-POLEmut2022-11-18.kfb,POLEmut
9165166,9165166-1340260-4-POLEmut2022-11-18.tif,POLEmut
7355237,7355237-1264287-01-POLEmut2022-11-18_18_45_34.tif,POLEmut
2932868,2932868-1260580-3-POLEmut2022-11-18.tif,POLEmut
4315996,4315996-1367662-3-POLEmut2022-11-18.kfb,POLEmut
5407715,5407715-1139746-5-POLEmut2022-11-19.kfb,POLEmut
9553479,9553479-H057449-POLEmut2022-11-18.kfb,POLEmut
5173388,5173388-1244224-1-POLEmut2022-11-18_19_25_53.tif,POLEmut
7891334,7891334-1372382-4-POLEmut2022-11-18.kfb,POLEmut
6124705,6124705-H052397-2-POLEmut2022-11-18.kfb,POLEmut
9250565,9250565-1176038-3-POLEmut2022-11-19.kfb,POLEmut
8950109,8950109-1340260-1-POLEmut2022-11-18.tif,POLEmut
1784759,1784759-1233469-2-POLEmut2022-11-18.tif,POLEmut
2688962,2688962-H052824-POLEmut2022-11-18.kfb,POLEmut
5480713,5480713-1367662-1-POLEmut2022-11-19.kfb,POLEmut
6421714,6421714-H062474-POLEmut2022-11-18.kfb,POLEmut
7087011,7087011-H067315-POLEmut2022-11-18子宫.kfb,POLEmut
5063298,5063298-1367662-6-POLEmut2022-11-19.kfb,POLEmut
5881337,5881337-1239340-01-POLEmut2022-11-18.tif,POLEmut
9442295,9442295-1139746-1-POLEmut2022-11-19.kfb,POLEmut
6128785,6128785-1233469-2-POLEmut2022-11-18.tif,POLEmut
6322415,6322415-1197213--POLEmut2022-11-18.tif,POLEmut
7186812,7186812-1084280-1-POLEmut2022-11-19.kfb,POLEmut
4002252,4002252-H064792-POLEmut2022-11-18.kfb,POLEmut
6727416,6727416-1340260-8-POLEmut2022-11-18.tif,POLEmut
9274599,9274599-1176038-4-POLEmut2022-11-18.kfb,POLEmut
3759200,3759200-H057232-POLEmut2022-11-18.kfb,POLEmut
5340387,5340387-1370679-47-POLEmut2022-11-18.kfb,POLEmut
1725209,1725209-1183258-18-POLEmut2022-11-19.kfb,POLEmut
3874706,3874706-1270969-3-POLEmut2022-11-18.tif,POLEmut
8717719,8717719-1191151-2-POLEmut2022-11-18.kfb,POLEmut
4361974,4361974-1370679-3-POLEmut2022-11-19.kfb,POLEmut
1657548,1657548-1264287-POLEmut2022-11-18_18_43_32.tif,POLEmut
6183661,6183661-1367662-2-POLEmut2022-11-18.kfb,POLEmut
6129281,6129281-1183134-1-POLEmut2022-11-18.kfb,POLEmut
777284,777284-1340260-5-POLEmut2022-11-18.tif,POLEmut
8942427,8942427-1239340-01-POLEmut2022-11-18.tif,POLEmut
4465838,4465838-1239340-03-POLEmut2022-11-18.tif,POLEmut
9798381,9798381-1183134-1-POLEmut2022-11-19.kfb,POLEmut
6557831,6557831-1248924-POLEmut2022-11-18.tif,POLEmut
7522458,7522458-1370708-3-POLEmut2022-11-18.kfb,POLEmut
1891482,1891482-H067315-POLEmut2022-11-18卵巢.kfb,POLEmut
9148298,9148298-1183134-2-POLEmut2022-11-19.kfb,POLEmut
4386910,4386910-1370708-2-POLEmut2022-11-18.kfb,POLEmut
472374,472374-1191151-1-POLEmut2022-11-18.kfb,POLEmut
3487545,3487545-1194281-2-POLEmut2022-11-18.kfb,POLEmut
6821290,6821290-1194281-2-POLEmut2022-11-18.kfb,POLEmut
4567834,4567834-H060110-POLEmut2022-11-19.kfb,POLEmut
7915472,7915472-12605801POLEmut2022-11-30_08_39_43.kfb,POLEmut
6784291,6784291-H046981-POLEmut2022-11-18.kfb,POLEmut
2151400,2151400-1139746-3-POLEmut2022-11-19.kfb,POLEmut
6067478,6067478-1370679-19-POLEmut2022-11-19.kfb,POLEmut
8819964,8819964-1264287-POLEmut22022-11-30_10_13_59.kfb,POLEmut
2323929,2323929-1244224-2-POLEmut2022-11-18.tif,POLEmut
4736236,4736236-1372382-1-POLEmut2022-11-18.kfb,POLEmut
3867588,3867588-H066079-POLEmut2022-11-18.kfb,POLEmut
598896,598896-1233469-4-POLEmut2022-11-18.tif,POLEmut
8601537,8601537-H064926-POLEmut2022-11-18.kfb,POLEmut
4990943,4990943-H065441-POLEmut2022-11-18.kfb,POLEmut
5979206,5979206-1260580-1-POLEmut2022-11-18_18_16_01.tif,POLEmut
9896564,9896564-1340260-6-POLEmut2022-11-18.tif,POLEmut
1252933,1252933-1246487-2-POLEmut2022-11-18.tif,POLEmut
4818349,4818349-1139746-4-POLEmut2022-11-19.kfb,POLEmut
3574884,3574884-1246487-1-POLEmut2022-11-18.tif,POLEmut
6809798,6809798-1372382-2-POLEmut2022-11-18.kfb,POLEmut
7745144,7745144-1239340-1-POLEmut2022-11-18.tif,POLEmut
2849255,2849255-1194281-1-POLEmut2022-11-18.kfb,POLEmut
3370235,3370235-H057449-POLEmut2022-11-18.kfb,POLEmut
9656182,9656182-1139746-2-POLEmut2022-11-19.kfb,POLEmut
9488241,9488241-H059245-POLEmut2022-11-19.kfb,POLEmut
4722810,4722810-1260580-2-POLEmut2022-11-18.tif,POLEmut
7274679,7274679-1194281-3-POLEmut2022-11-18.kfb,POLEmut
2323849,2323849-1176038-1-POLEmut2022-11-19.kfb,POLEmut
3564707,3564707-H058501-POLEmut2022-11-18.kfb,POLEmut
1458665,1458665-1176038-7-POLEmut2022-11-18.kfb,POLEmut
7246362,7246362-1197213-1-POLEmut2022-11-18.tif,POLEmut
8137391,8137391-12605802POLEmut2022-11-30_08_45_02.kfb,POLEmut
6928835,6928835-1191151-3-POLEmut2022-11-18.kfb,POLEmut
2864257,2864257-H065747-POLEmut2022-11-18.kfb,POLEmut
5935650,5935650-1260580-1-PMS2-POLEmut2022-11-18.tif,POLEmut
401173,401173-H067317-POLEmut2022-11-18.kfb,POLEmut
2126898,2126898-1197213--POLEmut2022-11-18.tif,POLEmut
7839953,7839953-1370679-29-POLEmut2022-11-19.kfb,POLEmut
7106957,7106957-H055731-POLEmut2022-11-18.kfb,POLEmut
7346042,7346042-H064092-POLEmut2022-11-18.kfb,POLEmut
8967893,8967893-1239340-02-POLEmut2022-11-18.tif,POLEmut
5096326,5096326-1239340-02-POLEmut2022-11-18.tif,POLEmut
6500715,6500715-H067095-POLEmut2022-11-18_16_29_50.kfb,POLEmut
2033460,2033460-1183134-3-POLEmut2022-11-19.kfb,POLEmut
5362975,5362975-1139746-7-POLEmut2022-11-19.kfb,POLEmut
4920511,4920511-H048286-POLEmut2022-11-18.kfb,POLEmut
1159836,1159836-H060110-POLEmut2022-11-18.kfb,POLEmut
2129766,2129766-1340260-3-POLEmut2022-11-18.tif,POLEmut
9526260,9526260-1084280-1-POLEmut2022-11-19.kfb,POLEmut
2974963,2974963-1290583-1-POLEmut2022-11-18.tif,POLEmut
3465354,3465354-H047708-POLEmut2022-11-18.kfb,POLEmut
7899863,7899863-1367662-4-POLEmut2022-11-18.kfb,POLEmut
2082217,2082217-1370679-53-POLEmut2022-11-18.kfb,POLEmut
6508473,6508473-1191151-2-POLEmut2022-11-18.kfb,POLEmut
1796363,1796363-1367662-7-POLEmut2022-11-18.kfb,POLEmut
4080159,4080159-12605803-POLEmut2022-11-30_08_50_33.kfb,POLEmut
8427752,8427752-1176038-2-POLEmut2022-11-18.kfb,POLEmut
7535337,7535337-1233469-3-POLEmut2022-11-18.tif,POLEmut
8386064,8386064-1233469-3-POLEmut2022-11-18.tif,POLEmut
1780054,1780054-1260580-1-POLEmut2022-11-18.tif,POLEmut
2981468,2981468-1183258-16-POLEmut2022-11-19.kfb,POLEmut
4170365,4170365-H067315-POLEmut2022-11-18子宫.kfb,POLEmut
4475993,4475993-1194281-4-POLEmut2022-11-18.kfb,POLEmut
4699514,4699514-1370679-27-POLEmut2022-11-18.kfb,POLEmut
2264832,2264832-H051086-POLEmut2022-11-18.kfb,POLEmut
319141,319141-1367662-5-POLEmut2022-11-18.kfb,POLEmut
3671637,3671637-1246487-3-POLEmut2022-11-18.tif,POLEmut
8517990,8517990-H052397-1-POLEmut2022-11-18.kfb,POLEmut
6493675,6493675-H061975-POLEmut2022-11-18.kfb,POLEmut
308438,308438-1370679-17-POLEmut2022-11-19.kfb,POLEmut
2354371,2354371-1340260-2-POLEmut2022-11-18.tif,POLEmut
886035,886035-1176038-1-POLEmut2022-11-19.kfb,POLEmut
2073412,2073412-129058301POLEmut2022-11-30_08_55_29.kfb,POLEmut
3718335,3718335-1370708-3-POLEmut2022-11-18.kfb,POLEmut
4872368,4872368-1239340-1-POLEmut2022-11-18.tif,POLEmut
4025844,4025844-1264287-01-POLEmut2022-11-18_18_45_34.tif,POLEmut
8601537,8601537-1244224-1-POLEmut2022-11-18.tif,POLEmut
4479504,4479504-H058507-POLEmut2022-11-18.kfb,POLEmut
4632988,4632988-1372382-5-POLEmut2022-11-18.kfb,POLEmut
8509784,8509784-1197213-1-POLEmut2022-11-18.tif,POLEmut
7691055,7691055-1248924-POLEmut2022-11-18_18_54_34.tif,POLEmut
5554488,5554488-1233469-4-POLEmut2022-11-18.tif,POLEmut
7280749,7280749-H064335-POLEmut2022-11-18.kfb,POLEmut
9786486,9786486-1383265-1MMRd2022-11-04_14_00_15.kfb,MMRd
3898375,3898375-1384742-4MMRd2022-11-04_14_29_34.kfb,MMRd
8510498,8510498-1386640-2MMRd2022-11-04_13_50_39.kfb,MMRd
2210087,2210087-H067483-1MMRd2022-11-04_14_01_21.kfb,MMRd
7956411,7956411-1384742-7MMRd2022-11-04_14_32_14.kfb,MMRd
5375309,5375309-1384742-2MMRd2022-11-04_14_26_23.kfb,MMRd
23413,23413-1384742-10MMRd2022-11-04_14_40_01.kfb,MMRd
4049000,4049000-13807709-MMRd2022-11-08_12_54_11.kfb,MMRd
1673505,1673505-H067483-1MMRd2022-11-04_14_01_21.kfb,MMRd
8781020,8781020-13807707-MMRd2022-11-08_12_53_06.kfb,MMRd
7108981,7108981-1384742-18MMRd2022-11-04_15_16_02.kfb,MMRd
408393,408393-1384742-8MMRd2022-11-04_14_36_53.kfb,MMRd
5393468,5393468-1384742-1MMRd2022-11-04_14_06_55.kfb,MMRd
117321,117321-1386640-1MMRd2022-11-04_13_44_06.kfb,MMRd
4233916,4233916-1384742-11MMRd2022-11-04_15_09_57.kfb,MMRd
9271283,9271283-1384742-2MMRd2022-11-04_14_26_23.kfb,MMRd
9785034,9785034-1384742-1MMRd2022-11-04_14_06_55.kfb,MMRd
523205,523205-1384742-17MMRd2022-11-04_15_14_42.kfb,MMRd
7134753,7134753-H067646016-MMRd2022-11-08_12_51_28.kfb,MMRd
1617699,1617699-1376400-2HE2022-11-10_09_46_52.kfb,p53abn
2255857,2255857-1344907-3-2022-10-21_14_46_15.kfb,POLEmut
3654879,3654879-138568022POLE2022-10-28_20_34_39.kfb,POLEmut
2056493,2056493-H068017-POLE-451663-7-12022-10-19_13_52_00.kfb,POLEmut
2254617,2254617-1376400-3HE2022-11-10_09_51_19.kfb,p53abn
7478405,"7478405-H067205-1HE,POLE超突变已上传_2022-09-05-18_24_16.kfb",POLEmut
6261022,6261022-H068336-POLE超突变亚�?052022-11-02_16_47_31.kfb,POLEmut
5221231,5221231-1376400-4HE2022-11-10_09_55_47.kfb,p53abn
3269002,3269002-H068017-POLE-451663-8-12022-10-19_14_39_24.kfb,POLEmut
8675534,8675534-H068017-POLE-451663-13-12022-10-19_12_21_01.kfb,POLEmut
5150420,5150420-138568024--LYY2022-10-28_20_55_12.kfb,POLEmut
3882937,3882937-H068017-POLE-451663-11-22022-10-19_13_17_29.kfb,POLEmut
7212540,7212540-H068017-POLE-451663-8-12022-10-19_14_05_14.kfb,POLEmut
9666581,9666581-H068017-POLE-451663-11-12022-10-19_12_26_42.kfb,POLEmut
7800759,7800759-H068017-POLE-451663-6-22022-10-19_12_50_18.kfb,POLEmut
1038771,1038771-1292287-462022-10-21_16_57_26.kfb,POLEmut
7331198,7331198-1292287-502022-10-21_17_01_46.kfb,POLEmut
257969,257969-1378806-4HE2022-11-10_09_33_46.kfb,p53abn
3789604,3789604-1292287-442022-10-21_16_46_21.kfb,POLEmut
8228474,8228474-1292287-182022-10-21_16_33_11.kfb,POLEmut
4415476,4415476-13856806POLE2022-10-28_19_49_47.kfb,POLEmut
6891705,6891705-13856809POLE2022-10-28_20_20_49.kfb,POLEmut
465101,465101-H068017-POLE-451663-12-22022-10-19_13_00_11.kfb,POLEmut
9223794,9223794-13856804POLE2022-10-28_19_37_47.kfb,POLEmut
4603705,4603705-H068017-POLE-451663-12-12022-10-19_12_11_55.kfb,POLEmut
8529582,8529582-H068017-POLE-451663-9-12022-10-19_13_44_24.kfb,POLEmut
8917665,8917665-1344907-12-2022-10-21_16_36_48.kfb,POLEmut
3547098,3547098-1372382-4HE2022-09-05-18_11_53.kfb,POLEmut
8040290,8040290-13856805POLE2022-10-28_20_08_37.kfb,POLEmut
7703182,7703182-1344907-10-2022-10-21_16_23_44.kfb,POLEmut
6722583,6722583-H068017-POLE-451663-10-12022-10-19_11_03_07.kfb,POLEmut
5780088,5780088-H068017-POLE-451663-10-22022-10-19_13_26_53.kfb,POLEmut
8912244,8912244-13856801-POLE2022-10-28_19_21_51.kfb,POLEmut
9462461,9462461-13856823POLE2022-10-28_20_24_14.kfb,POLEmut
9821378,9821378-13856802-POLE2022-10-28_19_23_58.kfb,POLEmut
2150919,2150919-1344907-11-2022-10-21_16_26_54.kfb,POLEmut
6072730,6072730-H068459HE2022-11-14_14_30_38.kfb,POLEmut
351640,351640-1378806-3HE2022-11-10_09_28_46.kfb,p53abn
4047491,4047491-H068017-POLE-451663-13-22022-10-19_13_08_39.kfb,POLEmut
5792048,5792048-1344907-9-2022-10-21_14_28_31.kfb,POLEmut
9407004,9407004-1376400-1HE2022-11-10_09_41_52.kfb,p53abn
546156,546156-1376400-5HE2022-11-10_10_00_44.kfb,p53abn
1959818,1959818-1378806-2HE2022-11-10_09_17_37.kfb,p53abn
2761813,2761813-1378806-3HE2022-11-10_09_23_23.kfb,p53abn
6638706,6638706-13856803--POLE2022-10-28_19_30_42.kfb,POLEmut
1613284,1613284-H068017-POLE-451663-7-12022-10-19_14_30_17.kfb,POLEmut
2099893,2099893-H068017-POLE-451663-10-12022-10-19_12_34_24.kfb,POLEmut
3221787,3221787-1292287-462022-10-21_16_57_26.kfb,POLEmut
2308501,2308501-1372382-4HE2022-09-05-18_11_53.kfb,POLEmut
4303813,4303813-1292287-182022-10-21_16_33_11.kfb,POLEmut
4534100,4534100-1344907-2-2022-10-21_16_29_49.kfb,POLEmut
9165893,9165893-1344907-1-2022-10-21_14_42_44.kfb,POLEmut
3253309,3253309-H068017-POLE-451663-6-12022-10-19_11_51_17.kfb,POLEmut
6836398,6836398-1344907-5-2022-10-21_14_49_31.kfb,POLEmut
9725342,9725342-13856807POLE2022-10-28_20_16_49.kfb,POLEmut
5424328,5424328-13856801-POLE2022-10-28_19_21_51.kfb,POLEmut
6713289,6713289-H068017-POLE-451663-9-22022-10-19_14_19_56.kfb,POLEmut
7826513,7826513-1378806-1HE2022-11-10_09_12_45.kfb,p53abn
7073686,7073686-13856800352022-10-28_20_48_07.kfb,POLEmut
6833923,6833923-1344907-7-2022-10-21_14_38_31.kfb,POLEmut
860304,860304-1383445-7子宫内膜样癌P53abn2022-11-08_13_42_43.kfb,p53abn
6749673,6749673-13826821-P53abn2022-11-08_12_55_39.kfb,p53abn
7149685,7149685-138344515子宫内膜样癌P53abn2022-11-08_14_33_01.kfb,p53abn
3587502,3587502-1383445-10子宫内膜样癌P53abn2022-11-08_13_54_29.kfb,p53abn
8507337,8507337-1383445-13子宫内膜样癌P53abn2022-11-08_13_59_33.kfb,p53abn
675849,675849-138344515子宫内膜样癌P53abn2022-11-08_14_33_01.kfb,p53abn
8881477,8881477-H068250-p53abn-2022-11-23.kfb,p53abn
6720511,6720511-1383445-8子宫内膜样癌P53abn2022-11-08_13_44_57.kfb,p53abn
3341500,3341500-1383445-9子宫内膜样癌P53abn2022-11-08_13_46_52.kfb,p53abn
6924563,6924563-1383445-3子宫内膜样癌P53abn2022-11-08_13_28_52.kfb,p53abn
6724837,6724837-13826822-P53abn2022-11-08_13_00_45.kfb,p53abn
3598234,3598234-13826822-P53abn2022-11-08_13_00_45.kfb,p53abn
4750277,4750277-1383445-6子宫内膜样癌P53abn2022-11-08_13_39_18.kfb,p53abn
9630292,9630292-1383445-12子宫内膜样癌P53abn2022-11-08_13_58_18.kfb,p53abn
4888863,4888863-1383445-14子宫内膜样癌P53abn2022-11-08_14_01_07.kfb,p53abn
8057125,8057125-1383445-10子宫内膜样癌P53abn2022-11-08_13_54_29.kfb,p53abn
537298,537298-1383445-16子宫内膜样癌P53abn2022-11-08_13_18_57.kfb,p53abn
7172616,7172616-1383445-5子宫内膜样癌P53abn2022-11-08_13_35_33.kfb,p53abn
8252032,8252032-1383445-17子宫内膜样癌P53abn2022-11-08_13_21_02.kfb,p53abn
540295,540295-1383445-11子宫内膜样癌P53abn2022-11-08_13_56_47.kfb,p53abn
2875853,2875853-1382682-3子宫内膜样癌P53abn2022-11-08_13_15_27.kfb,p53abn
5715828,5715828-1383445-20子宫内膜样癌P53abn2022-11-08_13_25_18.kfb,p53abn
